ID,Genero,sp,Local,Tratamento,LTh,TiL,TarL,FL,AL,FL,HL_M,ED,HW,HL_Rostro,Larg_Boca,Timpano,Disco_Ades_M,Disco_Ades_P,CRC,Massa (gramas)
2492,Boana,Boana_pulchella,D,undisturbed,18.96,19.86,10.61,15.51,5.86,6.52,11.05,3.69,3.28,12.33,9.58,1.75,1.02,0.83,39.39,1.95
2493,Scinax,Scinax_granulatus,D,undisturbed,14.65,17.99,10.37,15.83,5.94,7.15,9.90,2.75,2.19,11.73,9.81,1.51,1.25,1.30,35.80,1.30
2494,Scinax,Scinax_granulatus,D,undisturbed,12.82,15.85,8.67,11.70,5.29,6.10,8.18,3.19,1.04,10.86,6.59,1.19,1.11,1.08,31.44,0.50
2495,Scinax,Scinax_granulatus,D,undisturbed,13.70,17.37,10.81,16.84,5.97,6.34,10.33,2.77,1.47,10.41,8.37,1.84,1.26,1.11,34.14,1.35
2496,Scinax,Scinax_granulatus,D,undisturbed,13.65,18.70,11.06,15.65,6.36,6.46,9.24,3.23,1.88,11.24,7.59,1.63,1.26,0.97,33.73,1.55
2497,Scinax,Scinax_tymbamirim,D,undisturbed,8.45,11.79,5.35,8.32,2.87,3.56,5.84,1.72,1.54,7.19,4.49,0.83,0.62,0.63,22.73,0.45
2498,Scinax,Scinax_tymbamirim,D,undisturbed,9.01,11.09,7.74,8.38,3.94,3.18,6.27,2.79,0.82,8.15,4.79,0.94,0.49,0.65,21.49,0.45
2499,Leptodactylus,Leptodactylus_latrans,A,disturbed,30.63,32.24,19.68,33.16,9.70,11.81,17.13,8.14,6.56,25.01,14.26,3.44,NA,NA,65.65,20.25
2500,Leptodactylus,Leptodactylus_latrans,D,undisturbed,28.84,30.14,18.40,31.42,10.54,9.97,12.67,6.76,6.56,22.78,16.51,4.02,NA,NA,64.11,22.60
2501,Leptodactylus,Leptodactylus_latrans,A,disturbed,29.29,29.25,17.22,32.80,9.67,12.89,14.22,5.57,6.67,20.15,16.75,4.29,NA,NA,61.92,17.00
2502,Leptodactylus,Leptodactylus_latrans,A,disturbed,27.13,29.95,18.38,36.70,8.89,13.13,12.62,6.54,6.97,21.75,13.48,3.73,NA,NA,61.44,15.60
2508,Leptodactylus,Leptodactylus_latrans,B,disturbed,29.48,30.54,18.88,32.43,12.06,13.47,14.58,4.74,4.66,21.45,15.14,3.40,NA,NA,65.59,18.50
2509,Leptodactylus,Leptodactylus_latrans,B,disturbed,24.75,28.50,16.60,30.03,7.70,10.95,13.41,5.71,5.40,22.24,12.15,3.04,NA,NA,58.32,15.20
2510,Leptodactylus,Leptodactylus_latrans,B,disturbed,22.16,27.22,17.91,26.35,10.47,10.67,3.34,7.04,6.98,19.32,14.38,3.13,NA,NA,61.68,16.30
2520,Leptodactylus,Leptodactylus_latrans,D,undisturbed,26.27,28.82,17.32,26.29,9.53,11.40,14.25,6.59,9.05,19.98,13.77,3.03,NA,NA,61.18,21.00
2521,Pseudopaludicola,Pseudopaludicola_falcipes,D,undisturbed,6.95,6.80,NA,NA,2.30,1.83,2.38,1.54,1.47,5.83,3.34,0.65,NA,NA,14.01,0.10
2522,Dendropsophus,Dendropsophus_minutus,D,undisturbed,8.02,8.21,4.87,6.10,2.67,3.34,4.43,1.06,0.69,4.77,3.90,0.56,0.37,0.34,16.92,0.15
2523,Dendropsophus,Dendropsophus_minutus,D,undisturbed,11.20,12.10,6.32,8.06,3.06,4.47,5.99,1.88,1.32,8.30,5.91,1.27,0.83,NA,22.87,0.40
2524,Dendropsophus,Dendropsophus_minutus,D,undisturbed,11.39,11.18,5.71,7.90,3.62,3.72,5.24,2.30,1.54,7.13,5.32,0.87,0.70,0.59,21.38,0.40
2525,Dendropsophus,Dendropsophus_minutus,D,undisturbed,9.74,11.18,5.19,6.18,4.55,3.58,5.52,1.63,1.22,6.86,4.83,0.58,0.52,NA,24.03,0.50
2526,Dendropsophus,Dendropsophus_minutus,D,undisturbed,7.65,8.19,5.33,6.74,3.91,3.53,4.68,1.94,1.00,4.36,4.24,0.47,0.64,0.62,16.93,0.35
2527,Dendropsophus,Dendropsophus_minutus,D,undisturbed,8.17,8.61,4.31,6.38,3.27,2.85,4.62,1.65,1.35,5.46,3.58,0.39,0.35,0.34,15.12,0.50
2528,Dendropsophus,Dendropsophus_minutus,D,undisturbed,9.52,12.03,6.43,7.74,3.85,2.79,5.93,1.46,1.24,6.67,5.57,1.02,0.42,0.36,25.09,0.60
2529,Pseudis,Pseudis_minuta,A,disturbed,17.68,17.42,9.02,18.81,6.52,5.84,9.88,3.10,2.76,11.74,8.40,2.68,NA,NA,32.47,2.80
2530,Pseudis,Pseudis_minuta,A,disturbed,13.46,14.21,7.30,14.69,5.39,5.10,9.47,2.94,2.36,10.51,9.04,2.01,NA,NA,26.71,1.10
2531,Pseudis,Pseudis_minuta,A,disturbed,22.80,19.80,10.52,18.88,7.93,9.05,13.83,3.90,3.78,13.07,12.12,2.94,NA,NA,44.75,5.65
2532,Pseudis,Pseudis_minuta,A,disturbed,18.80,15.58,8.03,15.65,6.82,6.32,10.15,2.66,2.72,11.75,5.88,1.98,NA,NA,30.31,1.85
2533,Pseudis,Pseudis_minuta,A,disturbed,18.08,16.93,9.15,18.71,6.58,5.42,9.94,2.73,9.92,12.52,8.92,2.76,NA,NA,34.49,2.60
2534,Physalaemus,Physalaemus_biligonigerus,D,undisturbed,10.40,12.38,6.04,13.11,3.56,4.29,8.41,2.66,4.92,10.19,9.78,NA,NA,NA,32.15,2.15
2535,Rhinella,Rhinella_dorbignyi,D,undisturbed,12.51,14.25,9.97,16.49,6.24,8.30,8.52,4.77,4.39,12.55,13.77,2.93,NA,NA,43.36,5.45
2536,Physalaemus,Physalaemus_cuvieri,D,undisturbed,12.36,14.33,7.81,14.76,4.88,4.84,6.07,1.54,1.37,11.64,8.10,1.06,NA,NA,28.85,1.00
2537,Physalaemus,Physalaemus_cuvieri,D,undisturbed,12.58,13.17,7.68,13.06,4.88,6.40,7.19,2.89,1.74,10.09,7.89,1.09,NA,NA,28.19,1.10
2538,Physalaemus,Physalaemus_cuvieri,D,undisturbed,11.30,11.90,7.21,12.07,4.07,5.38,7.03,1.84,1.36,9.00,5.94,1.48,NA,NA,27.18,1.25
2539,Dendropsophus,Dendropsophus_minutus,D,undisturbed,8.42,8.25,5.83,6.09,13.13,3.22,4.90,1.60,1.49,6.63,4.17,NA,0.59,0.40,18.19,0.35
2540,Dendropsophus,Dendropsophus_minutus,D,undisturbed,7.53,9.05,5.59,6.96,2.62,3.53,3.62,1.21,1.08,5.49,4.22,0.57,0.34,0.61,18.32,0.35
2541,Dendropsophus,Dendropsophus_minutus,D,undisturbed,7.14,8.23,5.29,7.21,2.54,3.85,4.53,1.49,1.41,6.08,4.74,0.53,0.43,0.53,18.16,0.35
2542,Dendropsophus,Dendropsophus_minutus,D,undisturbed,8.04,8.75,5.81,6.29,3.23,3.98,4.01,1.43,1.52,5.23,4.30,0.82,0.62,0.40,18.51,0.20
2543,Scinax,Scinax_tymbamirim,D,undisturbed,9.97,11.93,7.98,10.24,3.38,3.82,5.92,2.10,1.65,7.98,4.77,1.00,0.86,0.84,22.83,0.60
2544,Scinax,Scinax_tymbamirim,D,undisturbed,9.38,11.40,6.67,10.46,4.51,3.58,5.12,1.94,1.33,7.85,6.26,1.03,0.75,0.96,23.23,0.45
2545,Scinax,Scinax_tymbamirim,D,undisturbed,9.09,12.37,8.20,10.07,4.10,3.94,6.50,2.11,1.47,8.03,5.74,1.01,1.02,0.98,23.06,0.50
2546,Pseudopaludicola,Pseudopaludicola_falcipes,D,undisturbed,7.28,7.72,5.25,9.13,2.74,2.36,4.40,1.55,1.97,6.45,3.46,0.79,NA,NA,14.48,0.20
2547,Scinax,Scinax_squalirostris,D,undisturbed,9.81,13.57,7.67,11.22,3.99,3.78,6.19,1.71,1.33,9.05,5.86,1.19,0.74,0.66,25.11,0.50
2548,Pseudopaludicola,Pseudopaludicola_falcipes,D,undisturbed,6.74,7.52,3.58,5.22,2.46,3.22,3.11,0.97,1.59,6.03,3.69,0.69,NA,NA,13.84,0.10
2549,Pseudopaludicola,Pseudopaludicola_falcipes,D,undisturbed,5.74,6.62,4.08,5.91,2.23,3.09,2.03,1.27,1.18,5.14,3.79,0.40,NA,NA,12.44,0.30
2550,Scinax,Scinax_tymbamirim,D,undisturbed,11.92,13.06,6.68,13.41,5.40,3.20,5.45,1.45,1.45,10.39,8.23,1.09,NA,NA,27.85,1.00
2551,Pseudopaludicola,Pseudopaludicola_falcipes,D,undisturbed,6.25,6.90,4.49,8.54,2.08,1.93,4.39,1.37,1.71,4.64,3.28,0.59,NA,NA,14.36,0.40
2552,Scinax,Scinax_tymbamirim,D,undisturbed,9.55,11.12,6.33,8.35,2.78,3.57,5.93,1.46,0.87,8.27,4.52,1.30,0.93,0.65,21.60,0.50
2553,Pseudopaludicola,Pseudopaludicola_falcipes,D,undisturbed,6.78,7.52,4.57,7.82,3.02,3.03,4.51,1.44,1.85,5.25,3.67,0.49,NA,NA,15.69,0.25
2554,Pseudopaludicola,Pseudopaludicola_falcipes,D,undisturbed,6.11,6.83,4.49,6.39,2.45,2.48,2.44,0.99,0.95,5.37,3.26,0.41,NA,NA,13.09,0.25
2555,Boana,Boana_pulchella,D,undisturbed,19.27,18.86,11.51,15.92,5.65,7.23,10.71,3.40,2.13,11.08,7.93,1.63,0.81,0.66,36.33,1.80
2556,Dendropsophus,Dendropsophus_sanborni,D,undisturbed,7.79,8.65,6.24,7.32,3.20,3.02,5.18,1.65,1.18,5.71,4.80,0.64,0.79,0.70,18.88,0.35
2557,Dendropsophus,Dendropsophus_sanborni,D,undisturbed,7.03,8.57,6.06,7.95,3.37,2.84,5.17,1.34,1.34,5.79,4.64,0.71,0.58,0.52,18.98,0.35
2558,Pseudopaludicola,Pseudopaludicola_falcipes,D,undisturbed,7.07,8.07,5.07,8.81,2.64,2.49,3.37,1.49,1.18,4.93,4.10,0.43,NA,NA,14.45,0.20
2559,Physalaemus,Physalaemus_gracilis,D,undisturbed,13.80,14.32,6.62,15.22,5.00,6.47,7.44,1.70,0.98,11.07,8.39,1.53,NA,NA,30.97,1.50
2560,Pseudopaludicola,Pseudopaludicola_falcipes,D,undisturbed,6.17,7.13,3.82,6.62,2.69,2.41,2.90,0.94,1.34,4.72,2.84,0.48,NA,NA,12.99,0.20
2561,Pseudopaludicola,Pseudopaludicola_falcipes,D,undisturbed,5.39,5.85,4.75,7.81,2.11,1.61,2.95,0.75,1.48,6.27,3.25,0.30,NA,NA,13.46,0.25
2562,Pseudopaludicola,Pseudopaludicola_falcipes,D,undisturbed,6.25,6.70,4.36,5.65,2.58,2.48,3.31,1.09,1.36,5.79,3.23,0.55,NA,NA,13.87,0.40
2563,Pseudis,Pseudis_minuta,D,undisturbed,20.69,17.77,8.46,18.77,7.04,6.68,9.63,2.88,3.51,12.91,8.29,2.06,NA,NA,32.77,3.40
2564,Pseudis,Pseudis_minuta,D,undisturbed,18.13,17.69,9.19,15.67,6.40,6.30,12.33,2.93,3.23,15.92,9.13,1.82,NA,NA,34.39,2.85
2565,Pseudis,Pseudis_minuta,D,undisturbed,22.85,21.91,10.49,22.31,6.27,9.69,12.09,3.51,4.13,14.75,11.46,3.11,NA,NA,40.56,7.65
2566,Pseudis,Pseudis_minuta,D,undisturbed,15.52,17.48,9.40,16.60,6.56,7.47,10.84,2.77,3.76,10.95,8.54,2.94,NA,NA,31.50,2.55
2567,Pseudis,Pseudis_minuta,D,undisturbed,18.23,16.96,8.07,15.38,7.55,7.82,10.32,2.83,3.81,11.99,9.35,2.19,NA,NA,33.47,3.00
2568,Pseudis,Pseudis_minuta,E,undisturbed,20.17,17.33,8.73,17.34,5.93,6.47,8.10,2.80,2.89,11.60,10.29,2.27,NA,NA,34.74,2.70
2569,Pseudis,Pseudis_minuta,E,undisturbed,23.41,22.89,14.76,24.59,11.19,10.96,13.65,7.84,8.00,18.20,11.24,2.27,NA,NA,41.16,2.95
2570,Pseudis,Pseudis_minuta,B,disturbed,20.47,17.19,8.11,15.57,4.18,6.36,9.06,3.05,8.83,11.27,9.49,2.12,NA,NA,31.31,2.90
2571,Pseudis,Pseudis_minuta,B,disturbed,22.47,17.65,8.89,14.02,4.66,6.89,12.45,2.76,2.89,12.55,10.39,1.90,NA,NA,35.08,2.85
2572,Pseudis,Pseudis_minuta,B,disturbed,16.06,17.06,8.35,15.54,5.27,5.73,10.36,2.50,2.24,11.45,9.17,2.01,NA,NA,30.79,1.55
2573,Odontoprhynus,Odontoprhynus_americanus,D,undisturbed,17.87,14.14,5.58,21.45,4.99,NA,11.93,1.96,6.65,14.35,16.28,2.05,NA,NA,45.58,8.45
2574,Scinax,Scinax_squalirostris,D,undisturbed,11.29,12.59,7.79,9.37,3.44,3.43,6.20,1.86,1.28,8.18,7.14,0.80,0.63,0.50,22.38,0.20
2575,Scinax,Scinax_squalirostris,D,undisturbed,9.82,11.89,6.19,7.99,3.64,3.72,3.77,1.83,0.96,7.47,6.86,0.93,0.56,0.56,20.92,0.20
2576,Scinax,Scinax_squalirostris,D,undisturbed,10.53,11.93,5.03,7.74,3.74,4.15,5.18,1.89,1.37,7.37,6.33,0.78,NA,0.49,21.31,0.25
2577,Scinax,Scinax_squalirostris,D,undisturbed,15.81,18.36,9.53,14.93,5.72,5.72,8.03,1.00,1.38,9.83,8.13,1.41,0.90,0.61,32.10,0.90
2578,Dendropsophus,Dendropsophus_minutus,B,disturbed,12.64,12.26,7.80,8.74,4.03,4.27,6.25,2.27,2.06,6.76,5.87,0.78,NA,NA,23.92,0.70
2579,Dendropsophus,Dendropsophus_minutus,B,disturbed,10.35,11.60,7.40,9.12,4.15,4.11,6.12,1.86,1.77,6.33,5.55,NA,0.60,0.60,21.02,0.50
2580,Dendropsophus,Dendropsophus_minutus,B,disturbed,7.41,7.55,4.08,5.86,2.85,3.03,5.11,1.13,1.07,6.01,3.62,NA,NA,0.57,13.42,0.25
2581,Dendropsophus,Dendropsophus_minutus,B,disturbed,13.14,13.40,9.01,11.19,7.89,8.73,9.70,5.95,5.90,10.58,5.05,NA,NA,NA,22.12,0.45
2582,Dendropsophus,Dendropsophus_sanborni,B,disturbed,8.58,8.38,5.34,7.18,2.93,2.97,5.08,1.01,1.25,4.51,4.32,NA,0.57,0.46,18.08,0.15
2583,Dendropsophus,Dendropsophus_sanborni,B,disturbed,8.44,8.44,5.42,5.89,3.49,2.70,4.90,0.92,1.36,4.93,4.56,0.55,0.38,NA,17.15,0.10
2584,Dendropsophus,Dendropsophus_sanborni,E,undisturbed,8.97,8.49,5.60,6.34,3.14,3.36,4.26,0.94,0.66,4.51,4.22,NA,0.33,0.31,17.28,0.25
2585,Dendropsophus,Dendropsophus_minutus,F,undisturbed,8.20,8.14,5.05,6.67,3.42,3.63,4.93,1.45,1.27,4.20,3.20,0.87,0.46,0.35,17.19,0.25
2586,Pseudopaludicola,Pseudopaludicola_falcipes,E,undisturbed,7.05,7.32,4.52,8.40,3.37,2.63,3.51,1.07,1.16,6.17,3.72,NA,NA,NA,14.48,0.20
2587,Pseudopaludicola,Pseudopaludicola_falcipes,F,undisturbed,7.37,7.16,4.11,8.20,2.99,2.59,4.04,1.63,1.48,4.60,3.97,NA,NA,NA,13.96,0.25
2588,Pseudopaludicola,Pseudopaludicola_falcipes,F,undisturbed,7.02,7.64,4.89,6.49,2.47,3.49,4.07,1.14,1.01,5.43,4.80,NA,NA,NA,15.08,0.30
2589,Pseudopaludicola,Pseudopaludicola_falcipes,E,undisturbed,7.98,7.58,4.43,7.66,2.78,2.03,2.31,1.14,1.13,4.62,4.10,0.84,NA,NA,14.42,0.20
2590,Scinax,Scinax_tymbamirim,D,undisturbed,12.15,12.33,5.89,9.00,3.99,3.60,6.00,1.82,1.09,7.52,7.09,0.88,0.39,0.31,22.16,0.45
2591,Dendropsophus,Dendropsophus_minutus,E,undisturbed,11.50,11.18,5.82,9.47,3.07,3.74,6.88,2.29,1.27,6.82,5.28,0.92,0.66,NA,20.13,0.40
2592,Dendropsophus,Dendropsophus_minutus,E,undisturbed,9.13,10.78,5.32,7.78,2.86,3.48,4.75,1.60,1.49,6.81,5.43,0.50,0.65,0.22,20.28,0.30
2593,Dendropsophus,Dendropsophus_minutus,E,undisturbed,11.08,11.01,6.11,8.32,4.09,3.16,5.51,1.59,1.25,6.78,5.76,NA,NA,NA,20.75,0.45
2594,Dendropsophus,Dendropsophus_minutus,E,undisturbed,10.75,11.73,6.75,7.11,13.55,3.64,6.43,1.70,1.36,6.73,5.42,0.79,NA,NA,21.54,0.50
2595,Physalaemus,Physalaemus_cf._gracilis,E,undisturbed,10.55,12.52,5.81,12.51,5.02,4.45,5.70,1.34,2.00,9.81,9.82,1.36,NA,NA,28.28,1.40
2596,Physalaemus,Physalaemus_biligonigerus,D,undisturbed,13.26,13.02,7.77,13.80,4.20,6.05,7.28,1.82,1.70,11.39,10.24,NA,NA,NA,26.54,1.25
2597,Scinax,Scinax_fuscovarius,F,undisturbed,13.30,17.70,7.91,12.97,5.43,5.65,8.19,0.99,1.75,11.01,10.44,1.25,0.55,0.53,32.10,1.25
2598,Physalaemus,Physalaemus_cuvieri,F,undisturbed,14.53,11.75,6.73,12.11,5.06,4.28,6.54,0.52,0.94,9.72,7.74,NA,NA,NA,27.22,0.75
2599,Physalaemus,Physalaemus_cuvieri,F,undisturbed,11.38,12.25,5.38,12.96,4.73,4.24,6.49,0.99,1.64,9.36,9.00,NA,NA,NA,25.14,0.75
2600,Physalaemus,Physalaemus_cuvieri,F,undisturbed,10.73,11.84,6.50,10.60,4.91,3.35,6.16,0.82,1.68,9.19,7.91,NA,NA,NA,25.88,1.15
2601,Physalaemus,Physalaemus_cuvieri,F,undisturbed,13.24,12.18,5.57,11.82,6.07,3.79,4.59,1.20,2.05,9.36,8.03,NA,NA,NA,27.76,1.00
2602,Leptodactylus,Leptodactylus_latrans,F,undisturbed,19.37,21.56,12.89,23.50,7.53,8.27,8.54,3.79,4.02,15.55,13.54,2.96,NA,NA,45.44,6.40
2603,Leptodactylus,Leptodactylus_latrans,F,undisturbed,22.03,21.05,13.64,24.19,7.52,7.79,8.05,2.89,3.06,17.50,14.43,3.11,NA,NA,50.38,4.90
2604,Leptodactylus,Leptodactylus_latrans,F,undisturbed,20.35,19.10,11.14,19.47,7.20,7.99,10.64,4.38,3.22,14.10,11.98,1.84,NA,NA,41.49,13.35
2605,Physalaemus,Physalaemus_cuvieri,D,undisturbed,11.70,13.09,7.23,11.38,5.58,4.06,7.69,1.36,1.67,9.10,8.24,1.50,NA,NA,27.63,0.90
2606,Dendropsophus,Dendropsophus_sanborni,D,undisturbed,6.87,8.57,3.84,6.70,2.91,3.35,4.52,1.15,1.04,5.02,4.66,NA,0.52,NA,16.76,0.15
2607,Dendropsophus,Dendropsophus_sanborni,D,undisturbed,8.86,8.69,4.69,6.52,2.72,2.71,4.22,1.79,0.92,4.93,5.14,NA,NA,NA,17.15,0.25
2608,Dendropsophus,Dendropsophus_minutus,A,disturbed,7.52,7.58,5.50,6.98,2.40,3.27,4.23,1.25,0.99,4.99,4.57,NA,0.50,0.63,17.42,0.20
2609,Pseudopaludicola,Pseudopaludicola_falcipes,F,undisturbed,6.34,7.07,3.96,8.83,2.35,2.47,4.30,0.56,0.72,5.05,4.19,0.66,NA,NA,13.19,0.25
2610,Pseudopaludicola,Pseudopaludicola_falcipes,F,undisturbed,6.75,8.19,5.13,8.91,13.19,2.69,3.92,0.84,1.12,5.87,5.25,1.00,NA,NA,14.61,0.40
2611,Pseudopaludicola,Pseudopaludicola_falcipes,F,undisturbed,5.07,6.61,5.16,7.79,2.81,2.71,3.10,1.27,0.90,5.56,4.29,0.80,NA,NA,13.71,0.10
2612,Pseudopaludicola,Pseudopaludicola_falcipes,B,disturbed,3.59,5.25,2.43,4.66,2.29,1.64,1.98,0.66,3.75,3.35,2.70,NA,NA,NA,9.06,0.1
2613,Pseudopaludicola,Pseudopaludicola_falcipes,B,disturbed,3.96,4.40,2.54,4.34,2.13,1.70,2.01,0.40,0.57,3.30,2.70,NA,NA,NA,8.67,0.1
2614,Pseudopaludicola,Pseudopaludicola_falcipes,B,disturbed,3.79,4.90,3.06,4.89,1.61,1.72,2.73,0.61,0.69,4.60,2.95,NA,NA,NA,10.09,0.05
2615,Rhinella,Rhinella_dorbignyi,B,disturbed,4.00,4.12,2.15,2.90,1.96,2.28,2.05,1.39,0.91,4.35,4.93,1.71,NA,NA,14.48,0.15
2616,Rhinella,Rhinella_dorbignyi,A,disturbed,3.83,3.83,1.55,3.20,2.53,1.67,2.43,0.84,2.01,3.46,3.95,1.09,NA,NA,12.13,0.20
2617,Rhinella,Rhinella_dorbignyi,A,disturbed,3.69,3.15,NA,5.42,2.95,1.79,2.41,1.54,0.65,4.18,3.93,NA,NA,NA,12.51,15.00
2618,Scinax,Scinax_granulatus,E,undisturbed,21.38,22.27,11.45,17.48,6.22,6.36,9.90,2.76,1.57,14.19,13.03,2.03,2.03,1.54,41.45,3.10
2619,Scinax,Scinax_granulatus,E,undisturbed,15.13,16.97,9.08,13.23,5.44,5.36,8.34,2.52,2.34,11.66,10.89,1.30,1.25,1.25,32.31,2.25
2620,Scinax,Scinax_granulatus,E,undisturbed,10.92,14.09,7.79,11.08,4.85,4.14,6.49,1.89,2.00,8.49,8.34,1.45,1.27,1.14,27.81,1.15
2621,Leptodactylus,Leptodactylus_latrans,E,undisturbed,29.23,30.24,17.97,32.03,8.96,12.60,12.34,4.13,5.54,21.08,19.01,2.92,NA,NA,63.93,16.90
2622,Leptodactylus,Leptodactylus_latrans,C,disturbed,31.82,32.38,30.17,34.51,11.22,10.48,13.74,4.89,5.37,22.24,21.15,4.62,NA,NA,74.14,19.50
2623,Leptodactylus,Leptodactylus_latrans,C,disturbed,24.91,25.68,13.74,26.22,8.82,10.39,9.50,4.50,4.61,18.93,18.99,2.88,NA,NA,51.46,10.10
2629,Physalaemus,Physalaemus_cuvieri,F,undisturbed,10.32,11.59,6.83,13.27,6.61,5.24,5.23,1.52,1.37,9.00,10.90,1.14,NA,NA,25.80,1.05
2630,Pseudis,Pseudis_minuta,A,disturbed,14.42,15.26,7.20,14.47,3.31,6.21,9.24,2.48,1.63,8.78,9.69,2.52,NA,NA,30.77,1.90
2631,Leptodactylus,Leptodactylus_latrans,F,undisturbed,20.47,22.63,13.00,28.05,8.69,9.07,11.55,3.09,3.97,16.03,13.67,2.06,NA,NA,49.10,7.60
2632,Leptodactylus,Leptodactylus_latrans,F,undisturbed,26.49,25.99,13.83,28.17,9.96,10.40,10.06,3.96,3.92,21.60,16.34,2.89,NA,NA,55.78,10.90
2633,Leptodactylus,Leptodactylus_latrans,F,undisturbed,8.52,8.98,6.09,9.50,3.93,3.24,5.44,1.33,0.95,8.92,7.58,1.67,NA,NA,23.50,0.45
2634,Leptodactylus,Leptodactylus_latrans,D,undisturbed,24.54,26.02,14.18,27.52,5.81,10.20,11.04,4.42,3.92,18.39,17.41,2.73,NA,NA,57.65,10.65
2635,Leptodactylus,Leptodactylus_latrans,A,disturbed,25.98,27.61,15.60,22.82,8.53,10.10,13.80,3.89,4.63,18.03,18.29,3.65,NA,NA,56.22,12.30
2636,Leptodactylus,Leptodactylus_latrans,A,disturbed,27.25,28.66,16.43,30.60,6.95,11.59,13.39,5.68,4.41,19.02,18.91,3.34,NA,NA,59.81,16.15
2637,Leptodactylus,Leptodactylus_latrans,A,disturbed,23.77,24.64,14.65,26.87,7.56,9.69,12.65,3.88,4.16,19.76,16.52,2.71,NA,NA,52.65,10.25
2638,Leptodactylus,Leptodactylus_latrans,B,disturbed,27.32,28.44,17.20,30.75,10.40,12.68,11.78,4.76,5.33,17.00,20.01,3.58,NA,NA,59.32,14.30
2639,Leptodactylus,Leptodactylus_latrans,B,disturbed,24.66,29.18,16.98,30.42,7.55,8.82,11.24,5.36,5.76,23.04,20.89,3.83,NA,NA,64.59,27.05
2640,Leptodactylus,Leptodactylus_latrans,B,disturbed,25.76,30.48,18.44,33.14,7.70,8.99,10.96,6.03,6.62,17.41,18.71,2.81,NA,NA,59.44,18.30
2641,Pseudopaludicola,Pseudopaludicola_falcipes,E,undisturbed,5.38,5.26,3.16,4.92,1.49,1.61,3.24,1.10,0.65,4.48,3.68,0.57,NA,NA,9.76,0.1
2642,Pseudopaludicola,Pseudopaludicola_falcipes,E,undisturbed,5.65,7.21,4.69,8.03,2.27,2.71,3.96,1.39,0.94,5.26,3.59,0.73,NA,NA,13.99,0.20
2643,Pseudopaludicola,Pseudopaludicola_falcipes,E,undisturbed,6.23,6.31,3.86,4.19,2.76,3.47,3.90,1.04,1.46,4.60,3.48,0.89,NA,NA,11.31,0.05
2644,Physalaemus,Physalaemus_biligonigerus,F,undisturbed,13.64,12.03,7.90,13.78,3.48,5.56,8.91,2.18,1.60,9.82,9.87,1.44,NA,NA,31.35,3.00
2645,Physalaemus,Physalaemus_biligonigerus,A,disturbed,9.50,10.55,6.32,12.73,3.45,4.10,6.60,1.43,1.25,9.12,10.25,9.72,1.99,NA,27.38,1.35
2646,Physalaemus,Physalaemus_biligonigerus,A,disturbed,8.15,9.97,6.22,11.05,3.44,3.76,5.44,1.37,1.48,8.57,9.13,NA,NA,NA,27.32,1.45
2647,Physalaemus,Physalaemus_biligonigerus,A,disturbed,6.28,7.53,3.89,8.53,2.20,3.25,4.98,1.34,0.94,6.57,6.35,0.91,NA,NA,16.88,0.50
2648,Pseudopaludicola,Pseudopaludicola_falcipes,A,disturbed,7.41,7.88,4.55,4.53,2.42,3.23,4.28,1.25,0.71,5.84,5.46,NA,NA,NA,16.52,0.55
2649,Pseudopaludicola,Pseudopaludicola_falcipes,A,disturbed,5.91,5.42,3.13,6.73,3.36,1.58,3.20,1.39,1.28,5.59,4.87,NA,NA,NA,12.97,0.10
2650,Pseudopaludicola,Pseudopaludicola_falcipes,A,disturbed,4.21,4.92,3.62,5.89,1.43,1.58,2.92,0.68,1.09,4.27,4.10,NA,NA,NA,10.99,0.1
2651,Dendropsophus,Dendropsophus_minutus,B,disturbed,6.58,7.38,4.97,6.12,2.35,2.38,4.51,1.57,0.91,5.25,4.49,NA,0.50,0.40,15.57,0.15
2652,Dendropsophus,Dendropsophus_minutus,E,undisturbed,8.12,10.24,5.65,9.65,3.55,4.01,5.82,1.13,1.11,6.08,6.48,NA,0.68,0.90,21.79,0.60
2653,Dendropsophus,Dendropsophus_minutus,E,undisturbed,8.55,11.27,6.94,8.96,3.21,4.48,5.83,1.31,1.18,6.40,6.61,0.99,NA,NA,20.37,0.35
2654,Dendropsophus,Dendropsophus_minutus,E,undisturbed,8.47,10.35,6.40,7.81,2.78,3.21,6.45,1.75,0.88,7.60,5.99,NA,NA,NA,20.42,0.20
2655,Dendropsophus,Dendropsophus_minutus,E,undisturbed,9.68,11.86,6.42,9.03,3.53,3.56,6.50,1.28,0.93,6.74,6.05,NA,NA,NA,21.55,0.45
2656,Dendropsophus,Dendropsophus_minutus,E,undisturbed,9.48,11.26,6.14,9.19,3.05,4.21,4.51,1.83,0.98,7.82,6.22,0.43,NA,NA,21.49,0.35
2699,Leptodactylus,Leptodactylus_latrans,D,undisturbed,27.22,30.08,18.68,30.43,8.07,10.31,3.52,6.04,4.20,20.50,19.44,3.47,NA,NA,61.59,17.40
2700,Leptodactylus,Leptodactylus_latrans,F,undisturbed,25.21,27.36,13.95,32.17,10.84,9.56,14.69,5.14,4.49,21.53,18.45,3.16,NA,NA,61.01,12.20
2701,Leptodactylus,Leptodactylus_latrans,F,undisturbed,26.70,27.77,14.76,29.26,10.04,10.06,11.86,4.46,4.31,20.22,17.54,3.04,NA,NA,55.39,10.40
2702,Leptodactylus,Leptodactylus_latrans,E,undisturbed,28.33,28.23,15.29,28.14,7.41,9.60,14.24,4.55,4.69,20.44,18.57,3.27,NA,NA,76.85,15.40
2703,Leptodactylus,Leptodactylus_latrans,E,undisturbed,29.21,33.17,17.94,33.79,11.69,13.10,14.77,5.33,5.81,22.91,20.32,4.10,NA,NA,71.91,20.00
2704,Leptodactylus,Leptodactylus_latrans,E,undisturbed,23.82,28.79,14.49,30.94,9.86,11.62,13.72,4.73,4.37,14.76,16.81,2.19,NA,NA,56.28,12.20
2705,Leptodactylus,Leptodactylus_latrans,E,undisturbed,30.20,31.46,14.64,31.29,10.15,13.67,12.72,4.58,5.57,20.03,19.83,3.57,NA,NA,66.45,22.30
2706,Leptodactylus,Leptodactylus_latrans,A,disturbed,29.16,32.24,14.90,33.27,8.87,11.98,14.40,4.46,5.68,21.29,19.91,4.00,NA,NA,64.03,23.65
2707,Leptodactylus,Leptodactylus_latrans,A,disturbed,35.91,35.36,22.72,37.08,13.16,15.44,19.87,10.03,11.86,27.00,18.92,2.39,NA,NA,67.47,21.30
2708,Leptodactylus,Leptodactylus_latrans,A,disturbed,28.19,29.66,16.05,28.99,10.36,10.37,16.03,5.80,5.81,20.24,18.25,3.02,NA,NA,60.90,15.90
2714,Pseudopaludicola,Pseudopaludicola_falcipes,E,undisturbed,6.17,6.30,3.78,7.59,2.43,2.90,3.51,0.93,0.92,6.24,4.55,NA,NA,NA,14.07,0.05
2715,Pseudopaludicola,Pseudopaludicola_falcipes,E,undisturbed,7.26,7.09,3.89,7.79,2.01,1.96,3.96,1.00,0.54,4.77,4.73,0.45,NA,NA,13.44,0.10
2716,Pseudopaludicola,Pseudopaludicola_falcipes,E,undisturbed,5.16,6.51,3.84,7.45,2.60,2.54,2.96,0.72,0.81,5.28,4.01,NA,NA,NA,12.62,0.10
2717,Pseudopaludicola,Pseudopaludicola_falcipes,E,undisturbed,5.23,6.42,3.69,NA,2.03,2.32,3.02,0.99,0.84,4.65,4.11,0.66,NA,NA,12.54,0.05
2718,Pseudopaludicola,Pseudopaludicola_falcipes,A,disturbed,5.31,6.90,4.15,8.42,2.53,2.13,3.14,0.76,0.87,5.28,4.20,0.68,NA,NA,13.22,0.10
2719,Pseudopaludicola,Pseudopaludicola_falcipes,A,disturbed,6.05,6.84,4.22,9.03,2.61,2.66,4.44,0.77,0.91,4.82,3.62,NA,NA,NA,13.87,0.10
2720,Dendropsophus,Dendropsophus_minutus,A,disturbed,8.06,7.96,4.17,6.50,3.60,2.79,4.30,1.09,1.04,5.86,4.98,NA,0.48,0.48,17.68,0.10
2721,Dendropsophus,Dendropsophus_sanborni,A,disturbed,5.08,6.43,3.01,5.01,3.07,2.62,3.52,0.78,0.61,3.61,2.68,NA,NA,NA,12.06,0.1
2722,Pseudopaludicola,Pseudopaludicola_falcipes,F,undisturbed,6.20,6.45,4.05,8.07,2.47,2.42,2.72,1.43,0.89,5.66,4.33,NA,NA,NA,13.35,0.05
2723,Pseudopaludicola,Pseudopaludicola_falcipes,F,undisturbed,6.08,7.20,4.41,5.98,2.88,2.10,3.10,0.93,1.08,5.50,4.90,0.67,NA,NA,13.18,0.20
2724,Pseudopaludicola,Pseudopaludicola_falcipes,F,undisturbed,6.05,7.46,4.37,9.07,2.68,2.32,3.25,0.70,0.68,5.13,4.60,NA,NA,NA,15.37,0.15
2725,Dendropsophus,Dendropsophus_minutus,A,disturbed,5.72,7.44,4.19,5.29,2.75,3.05,5.89,1.47,0.72,4.22,4.50,0.75,NA,0.55,15.22,0.10
2726,Rhinella,Rhinella_dorbignyi,A,disturbed,13.61,14.17,9.77,16.51,6.42,10.41,9.08,3.19,3.18,14.32,13.15,2.35,NA,NA,50.28,7.05
2727,Dendropsophus,Dendropsophus_minutus,B,disturbed,10.33,11.05,7.39,9.61,4.12,3.39,4.89,1.73,1.46,7.47,5.55,NA,0.62,0.56,20.10,0.30
2728,Dendropsophus,Dendropsophus_minutus,B,disturbed,8.01,8.28,5.49,8.20,3.07,2.36,3.63,1.16,1.00,5.18,4.64,NA,NA,0.35,16.66,0.10
2729,Dendropsophus,Dendropsophus_minutus,B,disturbed,6.20,8.55,5.90,6.93,3.50,3.42,4.70,1.71,1.00,5.66,3.96,0.46,0.39,0.39,17.76,0.20
2730,Dendropsophus,Dendropsophus_minutus,B,disturbed,6.67,8.59,4.37,7.90,2.22,3.32,4.77,1.55,1.21,5.58,4.30,0.81,NA,0.53,16.93,0.10
2731,Pseudopaludicola,Pseudopaludicola_falcipes,B,disturbed,4.80,6.41,3.29,6.99,2.86,2.07,2.55,1.06,0.94,4.61,3.61,NA,NA,NA,11.61,0.05
2732,Pseudopaludicola,Pseudopaludicola_falcipes,B,disturbed,6.13,7.42,5.18,8.06,3.71,2.57,4.14,1.64,0.96,6.86,4.06,NA,NA,NA,15.64,0.25
2733,Pseudopaludicola,Pseudopaludicola_falcipes,B,disturbed,6.13,7.39,5.34,8.27,3.28,2.69,4.08,0.94,1.14,5.10,3.57,0.99,NA,NA,14.34,0.15
2734,Pseudopaludicola,Pseudopaludicola_falcipes,D,undisturbed,5.63,6.21,3.65,7.30,1.83,2.36,3.43,1.05,0.94,4.90,4.21,0.62,NA,NA,11.29,0.05
2735,Pseudopaludicola,Pseudopaludicola_falcipes,D,undisturbed,6.97,6.89,3.84,6.60,2.61,2.23,2.61,0.93,1.36,5.86,3.80,NA,NA,NA,13.75,0.10
2736,Dendropsophus,Dendropsophus_minutus,F,undisturbed,6.86,8.33,6.12,7.82,3.03,3.75,4.13,1.03,1.06,5.92,5.13,NA,NA,0.42,19.76,0.35
2737,Dendropsophus,Dendropsophus_minutus,F,undisturbed,8.52,8.84,5.70,6.38,3.97,3.54,5.43,1.43,1.44,5.22,4.63,0.49,NA,NA,19.72,0.35
2738,Dendropsophus,Dendropsophus_minutus,F,undisturbed,7.13,7.72,3.74,6.52,1.83,3.10,3.48,1.21,1.40,4.73,4.81,NA,0.55,NA,16.02,0.25
2739,Dendropsophus,Dendropsophus_minutus,E,undisturbed,8.43,10.15,5.72,7.02,2.78,3.21,5.73,1.05,1.33,5.66,5.57,NA,0.72,0.72,18.59,0.35
2740,Dendropsophus,Dendropsophus_minutus,E,undisturbed,10.25,10.40,6.08,8.04,3.54,2.95,5.38,1.33,1.03,5.44,5.21,0.57,0.57,0.36,19.46,0.15
2741,Dendropsophus,Dendropsophus_minutus,E,undisturbed,10.00,10.54,6.55,7.49,3.36,3.23,4.70,1.06,1.13,5.99,5.16,0.61,NA,0.48,18.25,0.20
2742,Rhinella,Rhinella_dorbignyi,A,disturbed,5.97,6.80,4.60,8.06,4.06,5.29,5.68,1.86,1.75,6.99,6.57,1.18,NA,NA,24.82,0.85
2743,Rhinella,Rhinella_dorbignyi,A,disturbed,5.02,5.92,3.84,6.12,2.58,3.76,4.30,1.62,1.53,6.29,5.30,0.94,NA,NA,20.16,0.40
2744,Rhinella,Rhinella_dorbignyi,A,disturbed,6.51,5.92,4.09,5.95,2.72,4.51,4.33,1.95,1.59,6.20,5.24,0.79,NA,NA,19.72,1.00
2745,Dendropsophus,Dendropsophus_minutus,A,disturbed,6.05,8.51,4.53,6.62,3.04,3.20,4.61,1.23,0.99,5.70,4.26,NA,NA,NA,17.22,0.05
2746,Physalaemus,Physalaemus_biligonigerus,A,disturbed,7.64,8.65,5.37,10.13,3.73,3.73,4.25,1.25,1.09,6.09,6.46,NA,NA,NA,19.97,0.35
2747,Physalaemus,Physalaemus_biligonigerus,A,disturbed,9.61,8.22,5.57,9.59,4.35,4.01,6.27,1.22,1.26,5.90,6.09,1.09,NA,NA,20.36,0.35
2748,Physalaemus,Physalaemus_biligonigerus,A,disturbed,7.29,7.56,4.73,8.63,3.88,4.00,4.63,0.84,0.69,5.50,5.29,0.88,NA,NA,19.23,0.25
2749,Pseudis,Pseudis_minuta,C,disturbed,12.76,12.81,6.31,12.07,4.83,4.69,8.36,2.03,1.84,10.59,8.77,1.96,NA,NA,23.61,1.15
2750,Elachistocleis,Elachistocleis_bicolor,E,undisturbed,4.79,5.21,4.07,7.33,1.86,2.75,3.52,0.85,0.96,6.33,2.66,NA,NA,NA,15.61,0.15
2751,Elachistocleis,Elachistocleis_bicolor,E,undisturbed,6.88,7.92,5.45,10.20,3.07,2.96,4.80,0.86,1.21,7.01,4.92,NA,NA,NA,23.45,0.80
2752,Elachistocleis,Elachistocleis_bicolor,E,undisturbed,7.14,7.93,4.89,9.89,2.80,3.15,3.86,0.88,1.42,7.67,4.59,NA,NA,NA,22.43,0.85
2753,Physalaemus,Physalaemus_biligonigerus,B,disturbed,7.96,8.92,5.52,8.61,3.96,2.72,4.55,1.18,0.79,7.11,5.67,NA,NA,NA,19.98,0.45
2754,Scinax,Scinax_fuscovarius,D,undisturbed,12.29,16.22,9.96,14.13,5.60,5.94,7.34,2.75,1.83,10.29,7.00,1.44,1.28,1.34,28.17,1.00
2755,Scinax,Scinax_fuscovarius,D,undisturbed,13.99,15.29,9.41,12.25,4.12,5.65,7.04,1.73,1.09,10.06,6.55,1.66,1.56,0.98,26.86,0.95
2756,Scinax,Scinax_fuscovarius,D,undisturbed,10.24,13.40,6.15,10.68,4.67,5.42,7.67,2.74,1.30,8.96,6.76,1.29,0.73,1.21,23.72,0.60
2757,Leptodactylus,Leptodactylus_latrans,A,disturbed,16.25,19.57,10.45,20.00,7.05,6.80,8.73,2.89,2.74,16.46,13.07,2.46,NA,NA,40.67,4.40
2758,Leptodactylus,Leptodactylus_latrans,A,disturbed,24.79,25.65,14.52,27.55,9.43,9.61,12.07,3.49,3.72,21.45,16.56,3.11,NA,NA,51.11,10.40
2759,Leptodactylus,Leptodactylus_latrans,A,disturbed,26.98,28.70,15.81,32.19,9.02,11.24,12.62,4.80,4.65,21.40,19.21,3.66,NA,NA,57.25,15.00
2760,Leptodactylus,Leptodactylus_latrans,A,disturbed,16.46,17.63,10.71,16.05,6.01,5.97,9.42,3.35,3.69,15.66,11.77,2.58,NA,NA,38.02,4.00
2761,Leptodactylus,Leptodactylus_latrans,A,disturbed,11.74,14.41,7.97,16.31,7.27,6.23,7.35,2.86,2.41,13.51,9.56,2.08,NA,NA,32.40,2.05
2762,Leptodactylus,Leptodactylus_latrans,E,undisturbed,13.87,16.60,8.09,16.96,5.55,6.20,7.54,2.12,2.17,11.42,11.13,1.91,NA,NA,32.10,2.35
2763,Leptodactylus,Leptodactylus_latinasus,E,undisturbed,12.00,15.47,9.56,15.64,5.86,4.68,7.95,2.57,2.09,12.36,9.02,1.98,NA,NA,31.69,1.80
2764,Leptodactylus,Leptodactylus_latrans,F,undisturbed,17.73,19.97,11.36,21.47,6.45,5.15,5.52,2.30,2.27,14.74,11.25,1.41,NA,NA,34.53,2.65
2765,Physalaemus,Physalaemus_biligonigerus,E,undisturbed,7.24,8.66,4.77,11.03,3.36,5.11,5.08,1.91,1.51,7.03,8.04,NA,NA,NA,21.19,0.80
2766,Physalaemus,Physalaemus_biligonigerus,E,undisturbed,7.62,9.01,5.95,10.29,4.20,4.28,5.36,1.90,1.52,8.02,8.42,0.97,NA,NA,20.60,0.70
2767,Physalaemus,Physalaemus_biligonigerus,E,undisturbed,7.28,7.53,4.06,10.55,2.86,4.45,5.12,1.10,2.07,6.67,6.34,NA,NA,NA,20.78,0.80
2768,Leptodactylus,Leptodactylus_latrans,F,undisturbed,17.62,27.01,9.57,23.00,7.28,6.70,10.19,2.09,13.17,15.80,12.66,2.25,NA,NA,42.94,5.30
2769,Leptodactylus,Leptodactylus_latrans,F,undisturbed,18.71,22.06,12.84,23.06,7.50,8.76,11.50,2.91,3.09,18.26,14.52,3.13,NA,NA,46.51,6.60
2770,Leptodactylus,Leptodactylus_latrans,F,undisturbed,15.71,18.37,10.56,18.15,6.87,6.13,11.54,2.56,2.41,14.83,12.08,2.75,NA,NA,39.51,4.70
2771,Leptodactylus,Leptodactylus_latinasus,D,undisturbed,3.28,15.73,9.75,15.48,5.35,5.35,6.32,2.45,1.39,13.22,8.58,1.59,NA,NA,29.47,1.90
2772,Boana,Boana_faber,E,undisturbed,46.49,45.66,25.38,36.38,16.41,15.80,23.25,5.75,7.32,25.81,29.44,5.68,4.39,4.29,79.48,40.85
2773,Rhinella,Rhinella_dorbignyi,C,disturbed,10.72,11.06,8.14,13.73,3.24,6.33,8.45,3.76,2.68,12.98,13.41,2.29,NA,NA,37.38,4.80
2774,Rhinella,Rhinella_dorbignyi,C,disturbed,11.64,10.35,7.62,12.35,4.13,7.08,9.46,3.66,3.65,11.20,11.08,3.49,NA,NA,35.13,3.25
2775,Physalaemus,Physalaemus_biligonigerus,C,disturbed,7.48,10.76,6.31,10.99,3.10,4.56,6.29,1.40,2.12,8.78,7.65,1.0,NA,NA,23.58,0.80
2776,Physalaemus,Physalaemus_biligonigerus,C,disturbed,8.72,8.85,4.13,11.89,3.06,4.72,7.69,1.72,1.47,6.92,6.78,NA,NA,NA,23.00,1.35
2777,Physalaemus,Physalaemus_biligonigerus,C,disturbed,9.12,9.72,5.90,11.30,4.31,4.50,5.42,1.63,0.96,8.24,8.70,NA,NA,NA,23.96,1.15
2778,Leptodactylus,Leptodactylus_latinasus,C,disturbed,12.76,16.47,6.75,17.49,6.17,4.41,7.74,2.28,1.59,12.85,7.76,1.57,NA,NA,31.41,2.00
2779,Scinax,Scinax_granulatus,C,disturbed,13.59,14.53,8.02,11.41,5.05,4.41,2.59,1.28,1.29,9.57,7.03,1.26,1.22,1.04,24.32,0.75
2780,Scinax,Scinax_granulatus,C,disturbed,14.02,16.27,8.94,11.82,4.33,4.59,8.76,2.35,1.49,9.27,7.33,1.36,1.63,1.13,28.34,0.95
2781,Scinax,Scinax_granulatus,C,disturbed,14.05,16.06,7.57,13.15,5.00,5.27,8.38,1.88,1.83,9.95,6.25,1.79,1.13,0.95,28.15,1.05
2782,Scinax,Scinax_granulatus,A,disturbed,19.67,22.88,11.44,19.71,6.76,6.46,11.05,2.74,1.86,13.29,11.62,2.15,1.57,1.40,41.87,4.65
2783,Leptodactylus,Leptodactylus_latinasus,A,disturbed,15.52,15.78,9.71,17.96,6.43,5.19,7.05,1.88,2.53,11.17,8.42,1.95,NA,NA,32.07,2.10
2784,Leptodactylus,Leptodactylus_latinasus,A,disturbed,12.37,15.40,9.23,15.68,4.94,6.69,7.82,2.06,1.24,10.89,7.97,1.55,NA,NA,28.37,0.90
2785,Leptodactylus,Leptodactylus_latinasus,A,disturbed,12.80,14.71,9.35,16.52,4.00,4.68,6.22,2.14,2.27,11.52,9.49,1.68,NA,NA,29.18,1.50
2786,Leptodactylus,Leptodactylus_latinasus,B,disturbed,12.74,15.10,8.42,15.72,6.28,5.62,6.51,2.87,1.28,11.62,6.74,2.15,NA,NA,29.75,1.60
2787,Leptodactylus,Leptodactylus_latinasus,B,disturbed,12.94,15.79,9.28,15.52,4.74,5.29,6.46,2.41,1.54,11.92,7.09,1.39,NA,NA,29.44,1.50
2788,Leptodactylus,Leptodactylus_latinasus,B,disturbed,11.66,16.23,9.43,17.24,5.93,4.58,6.53,2.33,1.49,12.25,7.98,1.86,NA,NA,30.96,1.75
2789,Leptodactylus,Leptodactylus_latinasus,F,undisturbed,11.64,14.29,8.65,15.15,5.42,4.19,5.37,1.58,2.45,10.59,8.83,1.99,NA,NA,28.68,1.55
2790,Leptodactylus,Leptodactylus_latinasus,F,undisturbed,11.32,13.98,8.09,14.08,4.22,3.73,6.83,2.02,1.64,11.03,7.95,1.42,NA,NA,28.78,1.00
2791,Physalaemus,Physalaemus_biligonigerus,D,undisturbed,9.56,10.44,7.33,12.13,4.26,5.63,7.55,1.99,1.77,8.67,9.13,NA,NA,NA,25.55,1.35
2792,Leptodactylus,Leptodactylus_latrans,D,undisturbed,14.24,16.41,10.23,18.73,7.39,6.85,9.56,3.17,3.00,10.95,10.67,10.16,NA,NA,33.26,3.00
2793,Leptodactylus,Leptodactylus_latrans,D,undisturbed,31.25,32.10,21.54,32.58,16.70,18.10,21.46,3.28,3.32,17.38,13.41,2.62,NA,NA,43.64,5.80
2794,Leptodactylus,Leptodactylus_latrans,D,undisturbed,17.42,18.09,10.54,19.81,7.50,6.52,8.28,2.89,2.26,15.37,11.68,2.77,NA,NA,37.13,3.50
2795,Leptodactylus,Leptodactylus_latrans,C,disturbed,17.63,18.84,11.59,22.05,7.34,7.24,10.23,2.67,2.81,15.97,12.23,2.64,NA,NA,38.66,3.75
2796,Leptodactylus,Leptodactylus_latrans,C,disturbed,21.30,21.67,11.78,22.55,7.84,8.31,11.74,3.50,3.41,18.00,13.74,2.48,NA,NA,43.93,4.85
2797,Leptodactylus,Leptodactylus_latrans,C,disturbed,16.84,17.38,10.50,20.48,7.38,6.94,8.21,3.10,2.12,14.24,11.30,2.21,NA,NA,37.38,3.00
2798,Leptodactylus,Leptodactylus_latrans,E,undisturbed,11.57,15.85,9.28,19.15,6.32,6.61,8.39,3.88,3.00,13.00,10.50,2.21,NA,NA,34.73,2.50
2799,Leptodactylus,Leptodactylus_latrans,E,undisturbed,12.45,15.55,8.33,15.05,6.18,4.79,8.37,3.20,2.45,13.74,9.93,2.24,NA,NA,33.59,2.05
2800,Leptodactylus,Leptodactylus_latrans,E,undisturbed,22.97,24.70,14.42,25.72,9.11,8.56,12.23,4.47,4.83,18.90,15.81,2.59,NA,NA,49.17,9.15
2801,Leptodactylus,Leptodactylus_latrans,E,undisturbed,29.26,31.34,18.00,29.75,11.12,11.48,15.61,4.66,6.00,20.36,19.22,3.19,NA,NA,62.04,20.80
2802,Leptodactylus,Leptodactylus_latrans,B,disturbed,24.10,26.64,16.44,25.93,11.26,10.45,12.77,4.10,4.39,19.79,17.96,2.85,NA,NA,54.93,11.90
2803,Leptodactylus,Leptodactylus_latrans,B,disturbed,28.24,32.08,18.43,34.30,11.75,11.34,14.30,5.77,6.28,23.35,18.53,3.35,NA,NA,73.35,21.45
2804,Leptodactylus,Leptodactylus_latrans,B,disturbed,31.96,33.96,19.55,35.39,10.11,13.23,17.09,4.62,8.04,22.66,22.03,4.13,NA,NA,71.72,27.00
2805,Dendropsophus,Dendropsophus_sanborni,B,disturbed,7.35,8.80,4.26,5.53,3.49,3.23,3.82,0.73,1.64,6.72,4.93,NA,0.56,0.27,18.52,0.15
2806,Dendropsophus,Dendropsophus_minutus,A,disturbed,8.01,8.68,6.11,7.30,3.62,1.43,4.86,1.07,1.43,6.08,4.97,0.55,0.53,0.36,17.53,0.25
2807,Dendropsophus,Dendropsophus_minutus,A,disturbed,7.71,8.31,4.70,6.80,2.74,3.74,3.85,1.11,1.28,5.77,4.91,NA,0.67,0.46,18.39,0.15
2808,Dendropsophus,Dendropsophus_minutus,A,disturbed,6.56,8.27,4.32,7.44,2.67,3.46,5.16,1.03,1.29,6.08,5.43,NA,0.65,0.42,18.75,0.20
2811,Pseudis,Pseudis_minuta,D,undisturbed,15.98,17.60,9.01,15.57,6.68,6.92,11.57,2.97,2.84,12.40,11.62,1.85,NA,NA,33.19,2.50
2812,Dendropsophus,Dendropsophus_sanborni,D,undisturbed,7.23,8.70,4.29,6.58,3.02,3.25,4.04,1.09,1.46,5.54,4.94,0.86,0.31,0.58,17.92,0.10
2813,Scinax,Scinax_granulatus,E,undisturbed,21.45,24.44,14.11,18.91,6.49,7.76,11.74,2.23,3.58,13.58,13.36,2.27,1.62,2.03,43.13,4.40
2814,Scinax,Scinax_fuscovarius,E,undisturbed,20.85,23.42,10.96,17.48,5.54,6.53,9.47,1.08,3.18,12.58,12.62,2.41,1.77,1.77,42.86,3.35
2815,Scinax,Scinax_granulatus,E,undisturbed,18.96,22.35,13.07,14.18,7.01,7.20,8.10,1.01,2.42,13.43,11.25,2.23,1.74,1.61,37.92,2.05
2816,Pseudopaludicola,Pseudopaludicola_falcipes,F,undisturbed,6.96,6.20,2.96,7.83,3.33,2.52,2.71,0.89,0.68,6.09,5.21,0.47,NA,NA,3.96,0.15
2817,Dendropsophus,Dendropsophus_sanborni,E,undisturbed,14.59,17.02,8.84,12.88,5.64,5.65,7.42,2.31,2.04,11.50,9.95,1.33,1.17,1.03,32.68,0.75
2818,Dendropsophus,Dendropsophus_sanborni,E,undisturbed,6.55,6.49,3.86,4.08,2.09,1.71,3.96,0.68,0.65,4.30,3.45,NA,0.23,NA,12.72,0.05
2819,Dendropsophus,Dendropsophus_minutus,E,undisturbed,9.02,11.11,5.91,8.17,2.22,3.61,4.56,1.52,0.78,6.53,6.20,0.75,0.52,0.53,21.11,0.35
2820,Dendropsophus,Dendropsophus_minutus,E,undisturbed,10.71,11.66,7.43,10.60,3.69,3.70,6.46,1.16,1.31,7.01,6.36,0.97,0.82,0.65,21.16,0.30
2821,Dendropsophus,Dendropsophus_minutus,E,undisturbed,9.97,11.68,7.08,10.56,4.49,4.66,5.68,1.86,0.65,6.63,6.22,0.63,0.81,0.47,21.06,0.25
2822,Physalaemus,Physalaemus_biligonigerus,E,undisturbed,12.05,12.55,8.08,14.71,4.71,6.01,8.70,3.63,2.12,12.66,13.02,1.07,NA,NA,32.08,1.85
2823,Pseudis,Pseudis_minuta,A,disturbed,15.85,18.04,7.74,17.96,4.69,5.86,9.80,2.20,3.63,13.50,11.00,2.56,NA,NA,33.42,2.65
2824,Pseudis,Pseudis_minuta,A,disturbed,12.50,12.49,7.44,10.92,4.19,4.64,9.76,1.63,1.35,9.79,9.14,1.97,NA,NA,25.03,0.70
2825,Pseudopaludicola,Pseudopaludicola_falcipes,E,undisturbed,6.50,7.59,4.73,7.02,2.28,2.42,3.87,1.75,1.14,5.46,5.87,0.58,NA,NA,15.44,0.25
2826,Pseudopaludicola,Pseudopaludicola_falcipes,E,undisturbed,4.45,6.02,2.72,6.45,2.55,2.26,2.52,0.81,0.56,3.94,3.92,0.42,NA,NA,9.60,0.10
2827,Pseudopaludicola,Pseudopaludicola_falcipes,E,undisturbed,4.07,4.12,2.51,3.82,2.40,1.85,2.28,0.92,0.82,3.61,3.20,0.28,NA,NA,7.96,0.1
2828,Pseudopaludicola,Pseudopaludicola_falcipes,E,undisturbed,3.81,3.85,2.42,4.19,1.16,0.95,2.29,0.57,0.32,3.62,3.12,NA,NA,NA,8.03,0.1
2829,Boana,Boana_pulchella,F,undisturbed,9.08,9.30,5.36,6.42,3.12,2.11,3.53,0.60,0.79,6.98,7.02,0.93,0.69,NA,19.23,0.15
2830,Boana,Boana_pulchella,F,undisturbed,10.34,10.66,6.15,5.82,4.05,3.86,5.51,0.66,0.95,7.73,7.42,NA,0.44,NA,21.61,0.35
2831,Physalaemus,Physalaemus_cuvieri,E,undisturbed,10.44,12.38,6.56,6.29,5.25,4.04,5.60,1.32,0.65,9.09,7.72,1.14,NA,NA,26.01,1.15
2832,Physalaemus,Physalaemus_cuvieri,E,undisturbed,12.39,13.75,7.08,12.29,5.05,5.95,5.94,1.27,2.25,10.96,9.77,1.03,NA,NA,31.81,1.90
2833,Physalaemus,Physalaemus_cuvieri,D,undisturbed,12.01,13.04,6.38,12.86,3.77,4.67,7.33,1.15,1.74,11.38,9.81,1.33,NA,NA,28.69,1.65
2834,Pseudis,Pseudis_minuta,E,undisturbed,10.22,8.84,NA,NA,4.15,4.20,8.21,2.21,1.33,9.14,8.24,1.78,NA,NA,19.98,0.75
2835,Pseudis,Pseudis_minuta,E,undisturbed,10.34,12.36,6.13,12.64,3.59,5.27,7.07,1.71,1.77,1.58,9.45,6.52,NA,NA,23.26,1.05
2836,Pseudis,Pseudis_minuta,E,undisturbed,15.63,17.24,7.63,17.39,4.41,5.43,10.48,2.30,2.37,13.30,15.94,2.13,NA,NA,32.06,1.85
2837,Pseudis,Pseudis_minuta,E,undisturbed,14.73,13.85,7.02,12.59,4.06,4.58,8.24,2.13,1.51,9.35,9.13,2.24,NA,NA,26.69,1.45
2838,Pseudis,Pseudis_minuta,E,undisturbed,14.44,13.51,6.27,12.31,3.80,5.25,6.91,2.18,1.40,9.55,8.78,2.47,NA,NA,24.19,1.55
2839,Pseudis,Pseudis_minuta,E,undisturbed,17.50,16.21,6.00,15.36,4.46,5.02,10.34,2.21,2.29,11.53,9.31,2.51,NA,NA,29.69,1.55
2840,Leptodactylus,Leptodactylus_latinasus,B,disturbed,15.13,17.38,10.52,18.71,6.09,6.46,7.85,1.90,2.13,11.89,7.60,2.20,NA,NA,32.35,2.70
2841,Leptodactylus,Leptodactylus_latinasus,B,disturbed,15.56,17.08,9.95,16.13,5.19,5.60,8.14,2.60,1.90,12.16,7.64,1.50,NA,NA,30.48,2.35
2842,Leptodactylus,Leptodactylus_latrans,D,undisturbed,14.17,16.23,9.82,18.04,6.46,4.72,8.86,2.36,2.10,14.35,7.40,1.81,NA,NA,35.29,3.10
2843,Leptodactylus,Leptodactylus_latrans,D,undisturbed,12.84,15.11,8.76,17.17,7.01,6.08,7.31,1.95,2.04,14.65,9.79,1.98,NA,NA,33.45,1.95
2844,Leptodactylus,Leptodactylus_latrans,D,undisturbed,13.08,16.39,9.72,19.17,7.02,6.70,7.94,2.58,2.74,12.71,8.65,2.21,NA,NA,35.17,2.95
2845,Scinax,Scinax_fuscovarius,C,disturbed,13.29,15.00,8.21,11.98,5.94,3.97,6.37,1.85,1.24,9.76,6.60,1.07,1.11,1.50,24.57,0.95
2846,Physalaemus,Physalaemus_biligonigerus,D,undisturbed,6.12,8.33,3.69,9.06,3.36,3.41,4.97,1.06,1.60,7.14,5.46,0.77,NA,NA,19.76,0.45
2847,Physalaemus,Physalaemus_biligonigerus,D,undisturbed,7.65,9.60,5.70,9.57,2.79,3.77,4.99,1.68,1.05,8.14,5.94,0.83,NA,NA,22.40,0.90
2848,Physalaemus,Physalaemus_biligonigerus,D,undisturbed,7.91,8.14,3.60,9.62,2.89,2.44,4.70,0.92,2.17,7.41,6.13,1.22,NA,NA,20.24,0.40
2849,Leptodactylus,Leptodactylus_gracilis,B,disturbed,22.03,26.36,15.10,24.43,10.00,7.71,9.47,3.23,3.39,14.36,9.00,2.54,NA,NA,45.76,6.70
2850,Physalaemus,Physalaemus_biligonigerus,A,disturbed,7.38,8.04,3.49,8.98,2.55,2.99,4.42,1.08,2.42,7.07,4.90,0.79,NA,NA,19.69,0.55
2851,Physalaemus,Physalaemus_biligonigerus,A,disturbed,6.00,5.74,3.15,8.53,3.25,3.05,4.59,0.95,1.88,7.53,4.67,1.12,NA,NA,18.26,0.45
2852,Physalaemus,Physalaemus_biligonigerus,A,disturbed,8.22,8.39,3.97,9.30,3.77,3.00,4.75,1.00,1.55,7.09,5.42,1.29,NA,NA,19.97,0.45
2853,Dendropsophus,Dendropsophus_minutus,D,undisturbed,9.89,12.75,9.86,11.93,7.91,8.61,9.96,6.45,6.24,10.02,5.31,0.58,0.50,0.73,21.47,0.40
2854,Physalaemus,Physalaemus_cuvieri,F,undisturbed,10.57,11.60,6.18,12.33,4.34,4.89,5.84,1.95,1.78,8.98,6.25,0.54,NA,NA,24.10,0.75
2855,Physalaemus,Physalaemus_cuvieri,F,undisturbed,10.93,12.06,6.99,12.28,4.38,4.92,6.80,2.75,1.94,10.63,5.72,1.55,NA,NA,27.85,1.60
2856,Pseudopaludicola,Pseudopaludicola_falcipes,A,disturbed,5.40,6.54,3.44,7.42,2.37,1.63,2.89,0.67,1.31,4.70,3.71,0.71,NA,NA,12.22,0.15
2857,Pseudopaludicola,Pseudopaludicola_falcipes,A,disturbed,5.22,7.08,3.35,7.35,2.38,1.74,3.46,0.91,1.06,4.62,3.61,NA,NA,NA,13.41,0.10
2858,Pseudopaludicola,Pseudopaludicola_falcipes,A,disturbed,10.75,12.37,9.15,13.60,7.42,8.04,9.65,6.18,6.28,11.21,4.00,1.01,NA,NA,19.68,0.30
2859,Physalaemus,Physalaemus_biligonigerus,A,disturbed,12.91,13.57,9.66,15.25,7.67,9.19,9.12,6.14,6.74,11.87,5.70,1.15,NA,NA,24.09,0.75
2860,Physalaemus,Physalaemus_biligonigerus,A,disturbed,8.70,8.83,4.72,8.99,2.75,3.17,4.29,0.77,2.14,8.12,7.26,1.55,NA,NA,21.88,0.90
2861,Physalaemus,Physalaemus_biligonigerus,A,disturbed,12.23,12.87,9.01,13.81,8.88,8.74,9.41,5.97,6.04,12.43,5.65,1.43,NA,NA,23.69,0.65
2862,Elachistocleis,Elachistocleis_bicolor,D,undisturbed,8.94,11.11,6.81,13.51,4.17,3.63,5.83,1.51,1.52,7.31,4.36,NA,NA,NA,28.68,2.25
2863,Scinax,Scinax_fuscovarius,F,undisturbed,14.25,16.20,7.94,12.25,4.58,5.75,7.78,2.24,1.68,10.07,7.51,1.71,1.55,1.47,25.99,1.10
2864,Leptodactylus,Leptodactylus_latinasus,A,disturbed,11.69,14.71,9.47,16.38,5.93,5.86,6.55,1.64,1.99,11.46,6.27,1.81,NA,NA,29.02,1.8
2865,Pseudopaludicola,Pseudopaludicola_falcipes,D,undisturbed,5.52,7.62,3.21,7.79,2.15,1.49,3.29,0.92,1.06,5.29,4.06,0.58,NA,NA,15.52,0.30
2866,Pseudopaludicola,Pseudopaludicola_falcipes,D,undisturbed,10.85,12.44,9.51,13.73,8.53,7.88,9.02,5.92,6.42,11.31,4.08,0.53,NA,NA,20.03,0.15
2867,Pseudopaludicola,Pseudopaludicola_falcipes,D,undisturbed,6.14,6.62,3.86,7.94,2.53,2.57,3.45,0.89,0.76,5.19,3.80,0.71,NA,NA,13.68,0.15
2868,Leptodactylus,Leptodactylus_latinasus,F,undisturbed,12.11,14.38,8.46,14.99,5.59,5.00,6.17,2.07,1.37,11.11,7.35,1.61,NA,NA,29.35,2.15
2869,Leptodactylus,Leptodactylus_mystacinus,F,undisturbed,9.27,11.60,6.95,12.04,4.66,5.49,6.28,1.96,1.67,11.45,7.99,1.54,NA,NA,27.41,1.00
2870,Leptodactylus,Leptodactylus_mystacinus,F,undisturbed,12.06,12.21,7.56,13.19,4.81,4.73,5.13,2.00,1.76,11.23,9.43,1.95,NA,NA,28.28,1.40
2871,Dendropsophus,Dendropsophus_minutus,A,disturbed,9.02,9.84,5.23,6.51,4.20,3.42,5.03,1.83,1.40,5.82,5.45,0.81,0.61,0.86,21.00,0.45
2872,Dendropsophus,Dendropsophus_minutus,A,disturbed,8.22,9.21,4.92,6.81,3.60,3.44,4.03,0.90,1.01,5.51,4.81,0.67,0.75,0.53,18.13,0.15
2873,Dendropsophus,Dendropsophus_minutus,A,disturbed,9.13,9.95,4.61,6.90,3.70,2.74,4.37,1.50,1.54,5.75,4.03,0.91,0.75,NA,20.70,0.30
2874,Rhinella,Rhinella_dorbignyi,C,disturbed,7.17,8.64,5.88,8.04,3.10,3.76,6.26,2.72,2.67,10.25,8.09,1.54,NA,NA,27.65,1.55
2875,Rhinella,Rhinella_dorbignyi,C,disturbed,12.33,11.88,8.84,14.46,5.26,7.03,9.37,3.22,3.83,12.49,11.21,2.22,NA,NA,39.11,5.3
2876,Rhinella,Rhinella_dorbignyi,C,disturbed,14.89,16.01,12.43,16.90,10.52,12.51,14.15,9.23,9.20,18.33,16.35,7.43,NA,NA,44.52,5.30
2877,Elachistocleis,Elachistocleis_bicolor,F,undisturbed,5.62,6.71,4.12,8.41,1.91,2.14,3.53,1.53,1.27,6.28,4.23,NA,NA,NA,19.60,0.60
2878,Boana,Boana_pulchella,F,undisturbed,17.41,20.65,11.62,19.06,7.09,7.11,10.37,3.70,1.87,14.00,8.94,1.78,1.59,1.11,45.67,3.4
2879,Boana,Boana_pulchella,F,undisturbed,19.57,20.32,10.63,12.99,6.55,6.23,10.77,3.50,2.44,11.70,7.87,1.80,1.43,0.97,37.38,2.30
2880,Rhinella,Rhinella_dorbignyi,A,disturbed,6.72,7.94,5.59,10.08,3.77,5.04,6.47,2.72,1.57,8.47,7.95,1.44,NA,NA,27.38,1.60
2881,Rhinella,Rhinella_dorbignyi,A,disturbed,6.34,6.89,4.49,7.58,3.84,4.45,4.80,2.44,1.59,7.88,6.94,1.48,NA,NA,22.28,1.10
2882,Pseudopaludicola,Pseudopaludicola_falcipes,C,disturbed,5.50,7.07,3.67,7.90,2.32,1.93,2.76,0.85,1.20,5.15,3.79,0.86,NA,NA,13.60,0.20
2883,Physalaemus,Physalaemus_gracilis,D,undisturbed,10.82,11.91,6.99,10.85,4.82,4.32,6.85,1.38,1.74,8.60,6.22,1.34,NA,NA,22.90,0.70
2884,Dendropsophus,Dendropsophus_minutus,B,disturbed,7.17,8.42,4.13,7.13,2.66,3.30,4.43,0.83,1.41,5.16,4.64,NA,0.71,0.49,18.23,0.35
2885,Physalaemus,Physalaemus_cuvieri,E,undisturbed,9.12,11.34,4.72,10.82,4.58,4.34,6.06,1.71,0.88,9.58,7.25,1.12,NA,NA,24.81,1.15
2886,Physalaemus,Physalaemus_cuvieri,E,undisturbed,10.23,12.17,5.86,12.51,3.99,4.63,6.86,1.76,0.88,9.25,5.98,0.96,NA,NA,25.84,0.95
2887,Pseudopaludicola,Pseudopaludicola_falcipes,E,undisturbed,7.24,7.33,4.38,9.06,2.69,2.76,4.64,1.05,1.14,5.84,4.55,1.20,NA,NA,14.74,0.35
2888,Pseudopaludicola,Pseudopaludicola_falcipes,E,undisturbed,4.75,6.37,4.07,7.33,2.41,2.12,3.36,0.72,0.78,5.05,4.82,NA,NA,NA,12.92,0.10
2889,Boana,Boana_pulchella,D,undisturbed,14.10,16.45,8.17,14.68,5.39,5.07,7.66,2.81,1.82,9.71,1.18,0.99,0.97,1.05,30.23,0.70
2890,Boana,Boana_pulchella,D,undisturbed,17.45,18.57,9.31,14.78,5.20,6.52,9.49,3.48,2.36,11.85,9.63,1.59,1.45,1.25,34.55,2.10
2891,Pseudis,Pseudis_minuta,E,undisturbed,17.58,20.60,9.53,17.03,5.51,6.43,10.97,2.82,3..37,14.15,11.23,3.37,NA,NA,38.20,5.40
2892,Pseudis,Pseudis_minuta,E,undisturbed,17.01,16.28,8.54,4.62,4.24,6.07,8.37,2.49,2.85,11.57,10.80,2.26,NA,NA,32.15,1.65
2893,Pseudis,Pseudis_minuta,D,undisturbed,13.90,14.03,7.63,14.01,2.99,5.64,9.60,2.04,3.62,12.50,9.94,2.50,NA,NA,28.59,1.50
2894,Physalaemus,Physalaemus_biligonigerus,B,disturbed,8.34,9.07,3.80,9.42,3.05,3.54,5.94,1.01,2.30,6.39,6.53,NA,NA,NA,21.67,0.80
2895,Pseudopaludicola,Pseudopaludicola_falcipes,F,undisturbed,6.04,7.04,3.93,7.74,3.24,1.74,3.22,0.79,1.80,4.90,4.59,0.97,NA,NA,14.45,0.10
2896,Pseudopaludicola,Pseudopaludicola_falcipes,F,undisturbed,6.36,7.46,4.20,7.20,2.69,2.82,3.80,0.89,1.13,4.83,3.94,1.04,NA,NA,14.94,0.10
2897,Pseudopaludicola,Pseudopaludicola_falcipes,F,undisturbed,7.00,7.56,3.63,7.86,2.60,2.51,3.75,0.78,1.13,5.38,4.44,0.54,NA,NA,15.21,0.15
2898,Scinax,Scinax_fuscovarius,E,undisturbed,12.87,15.80,8.27,15.16,3.79,5.70,9.38,2.09,1.39,10.61,6.64,1.45,0.72,1.50,31.14,1.60
2899,Scinax,Scinax_fuscovarius,E,undisturbed,13.53,16.24,9.24,14.18,6.10,5.64,7.83,2.32,1.50,10.72,7.93,1.85,1.43,1.46,31.52,1.45
2900,Scinax,Scinax_fuscovarius,E,undisturbed,14.47,15.58,9.97,11.69,5.33,4.73,7.61,2.30,1.18,9.96,7.50,1.49,1.34,1.17,30.31,1.50
2901,Scinax,Scinax_fuscovarius,E,undisturbed,9.54,14.26,7.80,12.11,4.08,4.86,7.61,2.05,1.53,9.27,7.51,1.36,1.02,0.88,26.95,0.80
2902,Physalaemus,Physalaemus_biligonigerus,F,undisturbed,10.58,10.66,6.54,13.05,3.62,4.48,7.73,1.28,1.47,9.03,7.43,1.10,NA,NA,25.73,1.60
2903,Leptodactylus,Leptodactylus_latinasus,A,disturbed,11.82,15.66,9.04,13.55,4.44,5.86,7.00,2.55,2.09,11.41,6.90,1.86,NA,NA,30.07,1.45
2904,Leptodactylus,Leptodactylus_latinasus,A,disturbed,12.67,15.38,10.30,17.57,5.81,5.36,6.12,2.82,1.63,10.55,7.22,1.39,NA,NA,29.87,1.80
2905,Pseudis,Pseudis_minuta,A,disturbed,16.36,11.97,6.95,14.20,3.97,3.55,8.85,1.93,3.25,11.19,9.04,2.38,NA,NA,25.85,1.45
2906,Pseudis,Pseudis_minuta,A,disturbed,14.50,14.00,7.00,11.60,4.25,3.23,6.69,2.98,2.70,12.21,8.43,2.09,NA,NA,25.86,1.35
2907,Pseudis,Pseudis_minuta,A,disturbed,13.06,13.26,6.87,11.16,3.88,4.10,8.58,1.85,2.66,9.64,7.37,1.89,NA,NA,25.50,1.40
2908,Dendropsophus,Dendropsophus_minutus,E,undisturbed,8.39,10.40,5.49,7.27,3.39,3.34,4.39,1.29,1.22,6.36,5.28,0.86,0.66,0.57,20.35,0.40
2909,Dendropsophus,Dendropsophus_minutus,E,undisturbed,9.04,10.82,5.92,8.68,2.73,3.29,5.03,1.32,1.50,6.58,5.55,0.81,0.58,0.83,19.75,0.40
2910,Dendropsophus,Dendropsophus_minutus,E,undisturbed,9.25,10.74,5.43,9.10,3.25,3.17,5.35,1.52,1.53,6.34,6.03,1.44,0.98,0.71,20.87,0.65
2911,Physalaemus,Physalaemus_biligonigerus,E,undisturbed,6.83,8.56,3.86,8.07,3.40,3.09,4.87,1.42,1.50,7.16,6.58,0.78,NA,NA,21.23,0.65
2912,Physalaemus,Physalaemus_biligonigerus,E,undisturbed,7.71,6.95,4.61,9.51,2.52,3.56,5.48,0.82,2.03,7.46,5.68,0.99,NA,NA,19.94,0.75
2913,Physalaemus,Physalaemus_biligonigerus,E,undisturbed,6.89,7.90,3.95,7.82,3.07,2.93,3.68,1.12,1.67,6.54,5.44,0.67,NA,NA,19.15,0.45
2914,Leptodactylus,Leptodactylus_latrans,E,undisturbed,12.56,14.54,9.11,18.04,5.71,6.05,7.72,2.76,3.00,12.84,10.03,1.96,NA,NA,30.10,2.10
2915,Leptodactylus,Leptodactylus_latrans,E,undisturbed,23.85,30.73,16.69,29.35,7.24,11.92,14.20,3.30,5.33,22.10,14.99,3.36,NA,NA,63.63,19.90
2916,Leptodactylus,Leptodactylus_latrans,E,undisturbed,26.54,29.38,17.45,29.91,8.47,11.50,14.09,4.17,6.11,23.03,15.36,3.60,NA,NA,69.50,19.75
2917,Leptodactylus,Leptodactylus_latrans,F,undisturbed,27.40,29.92,17.18,32.22,9.63,11.26,14.00,5.70,5.30,22.46,17.99,3.52,NA,NA,88.09,19.60
2918,Leptodactylus,Leptodactylus_latrans,F,undisturbed,15.04,19.25,11.89,20.00,6.78,7.20,9.32,2.87,2.80,14.36,10.17,2.94,NA,NA,39.71,4.65
2919,Leptodactylus,Leptodactylus_latrans,F,undisturbed,16.83,18.00,10.10,21.11,6.98,6.93,9.04,2.59,3.08,14.94,8.96,2.57,NA,NA,35.62,3.70
2920,Leptodactylus,Leptodactylus_latrans,C,disturbed,44.17,46.16,32.50,49.41,19.62,21.00,34.46,4.89,6.08,20.45,16.64,4.08,NA,NA,80.83,32.00
2921,Leptodactylus,Leptodactylus_latrans,C,disturbed,17.94,21.49,12.99,24.29,7.18,7.42,1.73,13.17,13.40,17.50,10.67,2.77,NA,NA,44.58,7.35
2922,Leptodactylus,Leptodactylus_latrans,C,disturbed,16.54,17.48,11.04,18.20,8.10,6.57,9.85,4.05,3.52,13.40,8.90,1.92,NA,NA,39.50,3.25
2923,Leptodactylus,Leptodactylus_latrans,A,disturbed,11.62,12.75,7.79,13.08,4.14,5.14,6.17,2.45,2.16,12.45,8.75,1.86,NA,NA,29.03,1.55
2924,Leptodactylus,Leptodactylus_latrans,A,disturbed,14.32,16.83,10.61,18.74,6.21,6.01,8.95,4.50,5.39,13.06,9.31,2.31,NA,NA,33.04,3.10
2925,Leptodactylus,Leptodactylus_latrans,A,disturbed,11.39,12.95,7.99,15.47,4.16,5.07,6.57,2.77,3.71,11.57,7.53,2.22,NA,NA,28.89,1.80
2926,Leptodactylus,Leptodactylus_latrans,B,disturbed,13.90,19.38,10.64,19.84,6.59,5.58,8.42,4.91,5.07,17.20,11.06,2.58,NA,NA,37.62,4.50
2927,Leptodactylus,Leptodactylus_latrans,B,disturbed,17.20,17.92,11.06,19.44,6.98,5.80,9.00,3.97,3.91,14.45,11.20,2.42,NA,NA,33.74,4.25
2928,Pseudopaludicola,Pseudopaludicola_falcipes,B,disturbed,6.12,6.53,3.83,9.45,2.40,1.86,13.58,1.16,1.31,5.57,2.90,NA,NA,NA,12.76,0.10
2929,Elachistocleis,Elachistocleis_bicolor,E,undisturbed,6.12,8.38,4.30,10.13,2.37,2.79,3.69,1.28,1.72,8.52,4.54,NA,NA,NA,22.72,0.65
2930,Leptodactylus,Leptodactylus_latrans,B,disturbed,15.91,17.68,11.05,20.84,6.91,6.27,8.57,3.82,4.54,13.63,10.34,2.68,NA,NA,34.64,3.60
2931,Leptodactylus,Leptodactylus_latrans,E,undisturbed,10.48,14.66,8.58,17.07,4.64,4.43,7.59,3.58,3.64,13.48,8.08,1.59,NA,NA,30.28,1.85
2932,Pseudopaludicola,Pseudopaludicola_falcipes,E,undisturbed,5.24,6.33,4.14,7.33,1.89,2.22,3.15,1.24,1.48,5.77,3.21,0.18,NA,NA,13.59,0.40
2933,Physalaemus,Physalaemus_biligonigerus,C,disturbed,7.83,9.70,6.17,11.42,2.46,3.55,3.73,2.08,3.37,8.69,5.04,NA,NA,NA,21.63,1.10
2934,Physalaemus,Physalaemus_biligonigerus,B,disturbed,5.78,8.25,5.60,10.10,3.21,3.70,4.84,2.44,2.08,8.22,5.13,1.08,NA,NA,19.42,0.85
2935,Leptodactylus,Leptodactylus_latrans,B,disturbed,12.15,14.13,8.89,15.92,5.54,5.90,7.67,3.43,3.80,11.30,7.51,1.96,NA,NA,29.34,1.00
2936,Physalaemus,Physalaemus_biligonigerus,A,disturbed,6.89,8.50,5.47,10.08,3.56,4.15,5.89,1.84,1.44,8.68,6.32,1.32,NA,NA,19.98,0.90
2937,Leptodactylus,Leptodactylus_latrans,A,disturbed,12.32,15.19,8.32,13.95,4.62,6.06,7.84,3.36,1.29,12.60,9.07,1.77,NA,NA,32.57,1.95
2938,Pseudopaludicola,Pseudopaludicola_falcipes,E,undisturbed,3.12,3.89,2.47,4.11,1.05,1.67,2.33,0.73,0.73,3.06,1.82,NA,NA,NA,7.76,0.05
2939,Leptodactylus,Leptodactylus_latrans,A,disturbed,29.08,31.38,17.07,33.85,8.24,12.31,14.58,7.22,8.30,23.59,18.63,3.64,NA,NA,61.09,22.40
2944,Leptodactylus,Leptodactylus_latrans,B,disturbed,24.19,33.72,19.08,33.66,8.40,9.85,14.04,5.23,6.46,21.64,15.18,4.29,NA,NA,70.21,30.50
2945,Leptodactylus,Leptodactylus_latrans,B,disturbed,30.76,38.70,24.32,45.59,16.52,17.72,22.11,9.64,10.91,27.15,14.80,4.03,NA,NA,74.15,33.40
2946,Leptodactylus,Leptodactylus_latrans,B,disturbed,25.99,32.70,18.20,32.24,8.53,12.20,14.88,5.51,6.81,23.73,17.00,4.04,NA,NA,85.22,31.00
2947,Leptodactylus,Leptodactylus_latrans,A,disturbed,37.54,40.59,24.23,41.94,15.06,20.76,19.62,10.94,12.85,35.43,17.72,4.58,NA,NA,83.22,41.15
2948,Leptodactylus,Leptodactylus_latrans,A,disturbed,30.22,35.71,22.01,38.20,6.48,12.38,15.40,4.72,7.73,28.54,20.16,4.60,NA,NA,85.15,49.10
2949,Leptodactylus,Leptodactylus_latrans,A,disturbed,25.17,28.48,14.59,31.29,8.53,7.35,13.65,4.60,5.97,20.50,14.36,3.30,NA,NA,58.26,20.65
3004,Physalaemus,Physalaemus_biligonigerus,E,undisturbed,7.95,8.96,4.02,9.56,2.94,2.94,3.94,1.42,2.93,7.31,5.19,1.79,NA,NA,20.16,0.85
3005,Leptodactylus,Leptodactylus_latrans,E,undisturbed,11.24,12.99,6.26,17.19,4.98,3.60,5.17,1.30,2.39,9.52,7.45,1.51,NA,NA,24.39,1.20
3006,Leptodactylus,Leptodactylus_latrans,B,disturbed,11.33,14.81,8.06,14.41,4.41,3.91,6.58,2.82,3.75,10.88,8.06,1.83,NA,NA,27.96,1.70
3008,Leptodactylus,Leptodactylus_latrans,B,disturbed,13.85,14.31,7.88,14.48,6.74,4.09,8.18,2.19,2.60,10.94,9.22,1.87,NA,NA,28.45,1.30
3009,Leptodactylus,Leptodactylus_latrans,B,disturbed,14.22,16.50,8.15,17.54,7.23,5.29,7.24,2.64,2.71,11.66,9.19,1.87,NA,NA,33.53,2.30
3010,Elachistocleis,Elachistocleis_bicolor,E,undisturbed,4.66,7.52,3.12,7.88,2.32,2.76,4.03,1.55,0.95,7.08,3.61,NA,NA,NA,19.78,0.60
3011,Rhinella,Rhinella_dorbignyi,E,undisturbed,4.66,5.16,3.31,4.06,2.60,3.30,3.72,1.27,1.48,5.54,5.44,1.32,NA,NA,15.10,0.30
3012,Leptodactylus,Leptodactylus_latrans,A,disturbed,13.52,15.67,7.72,17.50,5.34,5.54,7.07,7.71,4.10,12.57,8.95,1.87,NA,NA,30.61,2.60
3013,Pseudopaludicola,Pseudopaludicola_falcipes,A,disturbed,5.04,5.18,2.81,5.35,2.78,2.37,1.98,0.52,0.78,4.67,3.08,NA,NA,NA,11.38,0.05
3014,Pseudopaludicola,Pseudopaludicola_falcipes,A,disturbed,5.58,7.73,3.85,6.53,2.83,2.25,4.14,1.16,1.32,4.80,3.63,NA,NA,NA,13.32,0.15
3015,Pseudopaludicola,Pseudopaludicola_falcipes,A,disturbed,4.74,5.40,2.15,4.53,1.40,1.90,3.24,0.98,0.90,4.60,2.95,NA,NA,NA,10.54,0.10
3016,Pseudopaludicola,Pseudopaludicola_falcipes,D,undisturbed,6.60,7.48,3.60,8.18,2.65,1.50,3.32,0.92,1.32,6.21,4.05,NA,NA,NA,14.60,0.20
3017,Pseudopaludicola,Pseudopaludicola_falcipes,E,undisturbed,6.98,7.20,3.62,6.51,2.95,2.14,3.03,1.27,0.99,5.60,4.68,NA,NA,NA,13.73,0.10
